Ok, écoute bien le choix des comédiens est très important.
En bas de l'écran, tu peux consulter les infos du rôle pour lequel tu auditionnes.
Les statistiques du comédien correspondent à leur niveau de maitrise dans les différentes émotions qu'ils transmettent.
Il y a la <sprite=0> Joie, la <sprite=1> Tristesse, le <sprite=2> Dégoût, la <sprite=3> Colère, la <sprite=4> Surprise, la <sprite=5> Douceur, la <sprite=6> Peur et enfin la <sprite=7> Confiance.
Au milieu, tu peux consulter :
-Les statistiques du comédien en blanc.
-<color=blue>Les statistiques du rôle en bleu</color>.
Le but du jeu, c'est de sélectionner un acteur avec des <color=yellow>statistiques supérieures à celle du rôle.</color>
L'icône s'affichera en vert comme un <color=green>OK</color>.
Cependant, si on veut aller plus loin, on préfèrera un comédien dont les statistiques sont égales au rôle plutôt que supérieur.
Hé ! Me regarde pas comme ça.
Si j'te dis tout ça c'est parce que j'veux vraiment que tu donnes ton maximum.
Je sais que tu dois arrondir tes fins de mois.
Mais que ça ne t'empêche pas de faire du travail de qualité.
Et c'est pas parce que je te connais pas ou que tu m'apprécies pas trop que je ne vais pas te faire confiance.
C'est toi le chef d'orchestre, après tout.
Eh bah alors ? Qu'est-ce qui t'a pris autant de temps ?
Hé la prochaine fois tu n'auras qu'à aller les chercher toi même ces micros.
Ça va, ça va ... <link=Pause></link>
Allez passe les moi je vais les installer.
Bien on va effectuer quelques tests pour voir si tout fonctionne.
(Moi, c'est [PlayerName] et je suis le propriétaire de ce petit studio d'enregistrement spécialisé dans le <color=yellow>doublage</color>.)
(Lui, c'est <color=yellow>Zaques</color>, l'ingénieur sonore de la boîte.)
(On est deux à tenir le flambeu du studio.)
Ok... je mets ça là...
<link=Print>Ok... je mets ça là...</link> puis je branche ce truc...
Parfait ! Tout est bon.
Bonjour à tous, nous allons commencer l'audition de <color=yellow>Princess Muffin</color>...
...
...
Vous êtes seule ?
Apparemment...
(Je devrais m'estimer heureux qu'une personne soit présente.)
Bon, eh bien en piste.
Alors, qu'est-ce que t'en as pensé.
C'était pas fou, mais ça devrait faire l'affaire.
Et puis, c'est pas comme si on avait le choix.
Bah, ça aurait pu être pire.
Et puis, on savait à quoi s'attendre en acceptant ce contrat.
Oui... Mais c'est peut-être notre seule chance de ne pas mettre la clé sous la porte...
Alors comme ça, vous avez un contrat à nous proposer.
C'est exact.
Nous produisons actuellement l'épisode pilote d'une série d'animation.
Une série destinée aux jeunes filles, plus précisement.
(Sans doute une niaiserie.)
Avez-vous entendu parler des <color=yellow>magical girls</color> ?
Mfh, connais pas.
Oh voyez-vous, c'est un genre dans lequel on peut voir des jeunes filles qui se transforment en super héroines et combattent les forces du mal.
Et notre but avec Princess Muffin est d'apporter un souffle nouveau au genre.
(Princess Muffin ? C'est le nom le plus stupide que j'ai jamais entendu.)
Cet épisode pilote se concentrera sur <color=yellow>Charlotte</color>, le personnage principal.
C'est une jeune lycéenne qui, pour gagner un peu d'argent travaille dans une boulangerie après les cours.
Un jour, elle obtient de mystérieux pouvoirs magiques.
Ah oui...
J'imagine que vous allez tout exploser, avec une série pareille.
Ainsi, pour le pilote, nous n'auront besoin que du rôle de Charlotte.
Très bien, ça facilitera les choses.
Cependant il y a un petit hic dans tout ça...
(Ah, nous y voilà.)
En fait...
Heum...
Nous ne disposons que de...
... 4 jours.
Pardon ?
O-Oui hihi... Voyez-vous, on a réécrit plusieurs fois l'épisode.
Mais maintenant le résultat est parfait ! Ça va marcher !
4 jours c'est tout bonnement irréalisable...<link=Pause></link> hihi.
A-Attendez !
Vous ne pouvez pas refuser.
Je vais me gêner.
Je suis prêt à vous payer le double !
<link=Print>Je suis prêt à vous payer le double !</link> Non, le triple !
Et qu'est-ce que vous y gagnez ?
Rien...<link=Pause></link>
À vrai dire vous êtes en quelque sorte mon dernier espoir.
L'état de l'animation de nos jours laisse vraiment à désirer.
Princess Muffin a le potentiel de la sauver.
Son message et sa mythologie va donner espoir à une génération d'enfants à un avenir radieux et meilleur !
Si Princess Muffin échoue, alors c'est mon existence toute entière qui est un échec !
N'en faites pas trop...
(Je dois admettre que l'offre est alléchante.)
(Mais en seulement quatre jours ? Est-ce que c'est humainement possible ?)
Tous les autres studios ont refusé, sans même essayer !
Alors que vous n'avez rien à perdre !
Alors, s'il-vous-plaît !
Aidez-moi !
Vous êtes le seul à pouvoir donner vie à Princess Muffin.
(Qu'elle idée d'avoir accepté.)
(Mais qui sait, peut-être que cela portera ses fruits.)
C'est déjà le matin ?
Oui, et c'est même bientôt l'heure de l'enregistrement.
Je peux le faire... Je peux le faire...
Je peux le faire !
AH !
...AH !
Tu ne t'es pas fais mal ?
Ah, euh... non, non.
Tout va bien, merci.
Bon, alors on va commencer sans perdre de temps.
Voita ton script, va t'installer dans la cabine.
Euh... la cabine oui.
Tu n'oublies pas quelque chose ?
Euh...
Ah oui, désolée, le script.
Détends-toi. On est au moins aussi stressé que toi !
Hehe...
Très bien, tout le monde est prêt ?
Tout est bon de mon côté.
Je suis prête aussi.
Princess Muffin... In Session !
Et voilà, j'ai terminé de trier tous les fichiers audios.
Encore quelques réglages à faire, et on pourra tout envoyer à la maison de production.
Finalement, 4 jours ont été suffisants pour "sauver l'animation".
Et nous sauver nous, par la même occasion...!
Cette Dorémi, sa prestation était vraiment étonnante.
Et par étonnante tu veux dire miraculeuse ? Elle tapait juste dans presque toutes ses interprétations !
Miraculeuse oui, c'est le mot. Je lui ai demandé comment elle avait si facilement endossé le rôle après la séance...
Elle s'est contentée de me dire qu'elle adorait ce genre de dessin animé. J'ai du mal à croire que ça suffise.
On aura surement l'occasion de mettre à nouveau son talent à l'épreuve sur un prochain un contrat.
(Zaques a raison, il va falloir charbonner ces prochaines semaines, remonter un peu la pente ne suffira pas !)
(En attendant, espérons que Princess Muffin soit le succès espéré...)
(Princess Muffin a pu être doublé dans les temps, et les premiers retours sont plutot positifs.)
(Le réalisateur a respecté sa parole et nous a versé une sacrée somme d'argent.)
(Avec ça, c'est l'occasion pour nous de remettre les compteurs à zéro.)
(Et de commencer un nouveau départ !)
<color="yellow">*Clic*</color>
(La porte n'est pas fermée, Zaques serait déjà là ?)
Salu...
Oh ! Bonjour !
Yo !
Qu'est-ce qu'il se passe encore ?
Pourquoi Dorémi est là ?
Quand je suis arrivé, elle attendait devant la porte.
Je suis venue ici parce que j'ai quelque chose à vous demander. 
Et... Je préférais vous le demander en personne.
J'aimerais assister à vos prochaines sessions d'enregistrement.
Ah ?
Votre prestation de directeur artistique pendant l'enregistrement de Princess Muffin m'a convaincu que j'avais beaucoup à apprendre de vous !
(Ma prestation ? C'est plutot elle qui m'a impressioné.)
(Je pense qu'elle ne se rend pas compte du talent qui sommeille en elle.)
(Mais, elle a l'air sincère.)
(Et puis, j'imagine qu'elle fait aussi ça pour que je lui propose un rôle de temps en temps.) 
Ce n'est pas si simple... Zaques, qu'en dis-tu ?
Tant qu'elle reste silencieuse durant les enregistrements, je n'y vois pas d'inconvénient.
Ecoute, si tu n'as rien de mieux à faire c'est d'accord.
On te doit bien ça de toute façon, sans toi la boite aurait probablement coulé !
Merci beaucoup ! Vous verrez, je ne vous gênerai pas.
Et quelle est la date de la prochaine séance de doublage ?
Hum...
Disons... Qu'on ne croule pas sous les contrats.
Ah... Désolée, je me suis un peu emballée.
Ne t'en fais pas, on n'est pas venu aujourd'hui pour chômer.
Princess Muffin nous a sauvé, et je ne compte pas m'arrêter là, il faut qu'on trouve de nouveaux contrats.
Bien dit !
Allez, au boulot.
Une minute, t'oublies pas quelque chose ?
Comment ça ?
On avait décidé de renommer la boîte pour marquer le coup !
J'espère que t'as un nom qui claque.
(Oups... ça m'est sorti de la tête.) 
Dorémi pourra même nous aider.
Avec joie !
(Un nom qui claque...) 
[StudioName] ?!
Tu n'aimes pas ?
Je trouve que c'est un nom intéressant.
[StudioName], [StudioName], [StudioName] ...
Bah, ça peut le faire.
Allez, va pour [StudioName] !
J'ai hâte de travailler pour le studio [StudioName]
Moi de même.
(On dirait que les aventures du studio [StudioName] vont véritablement commencer.)
(J'espère qu'on ira loin.)
(Ok, [PlayerName], on a peut-être un coup à jouer.)
(Ragab est une grosse série, si j'arrive à avoir le job, on va pouvoir concrétiser l'essai.)
<color="yellow">*Ding* *Ding*</color>
Bwahaha ! Vous êtes [PlayerName] ?
(C'est ce type imposant, le producteur de Ragab ?)
Euh, oui c'est bien moi, et vous êtes M. Bourghi ?
Hahaha ! J'aurais cru qu'un directeur de doublage reconnaitrait ma voix.
Mais j'vous en veux pas, des voix plus talentueuses que moi y'en a un paquet.
Je suis la voix du personnage Ragab !
Bocca "Boss" Nagais !
(Wow.)
Ha, ravi de vous rencontrer M. Nagais.
Appelez moi Bocca, tout simplement
Mais, je pensais avoir rendez-vous avec le prodcuteur en charge de la licence.
Ah, vous en faites pas, il va arriver à 9h pétante.
Donc dans quelques secondes...
<color="yellow">*Ding* *Ding*</color>
Ah, M. [PlayerName].
Vous êtes à l'heure, c'est une qualité.
Bonjour...?
(Cette fois, il doit s'agir de la bonne personne.)
Antoine Bourghi.
Mais ce sera Monsieur Bourghi pour vous.
Et...<link=Pause></link> Bonjour M. Bocca, qu'elle est la raison de votre présence.
Hahaha, j'étais venu voir mon prochain directeur.
Hmmm, je vois...
Mais je vous laisse discuter affaire ensemble.
Dans tous les cas M. [PlayerName].
Comme vous le savez, je viens m'entretenir avec vous
au sujet de la dernière déclinaison de notre franchise de
jeu vidéo, Ragab.
Je suis le producteur en charge de Ragab Studio, une branche de la division jeu vidéo de Dominion.
Et nous avons donc... hum... <link=Pause></link>"choisi" votre studio pour l'enregistrement des voix.
Voici le contrat, il ne vous reste plus qu'à signer.
Euh... Mais je n'ai encore rien accepté.
Oh oui, je vous laisse lire le contrat.
(...)
(Wow ! C'est vraiment bien payé !)
(Mais il y a comme anguille sous roche.)
(Même avec le présumé succès de Princess Muffin, qu'on nous approche aussi facilement, c'est bizarre.)
(Pourtant, tout à l'air en ordre, je ne vois pas d'arnaque.)
(Et, les délais ont l'air raisonnables, contrairement à Princess Muffin.)
(Mais ce type ne me revient pas.<link=Pause></link>
Il est déjà prêt à partir avec un contrat signé, sans même que nous n'ayons dialogué.)
Avant de signer, j'ai quelques questions à vous poser.
*Soupir*<link=Pause></link> Allez-y.
C'est une aubaine pour vous, je ne comprends pas bien pourquoi vous vous posez ce genre de question.
Mais c'est assez simple, c'est parce que vous avez enregistré ce dessin animé "Princess Pudding".
(Il veut dire Princess Muffin ?)
(C'est vraiment si populaire que ça ?)
Êtes-vous satisfaits de cette réponse ? Souhaitez-vous signez à présent ?
J'ai étudié votre cas avant de venir ici.
Et très franchement, je ne pense pas que vos pubs pour les nouilles instantanées soient particulièrement rentables.
Il faut savoir saisir les opportunités. Je sais que vous avez besoin d'argent, et moi je veux que notre jeu ait du succès.
C'est donnant-donnant.
Parfaitement.
Je n'ai pas toute la journée devant moi, maintenant, signez ce contrat que l'on cesse de perdre du temps !
(J'aimerais bien le remettre à sa place, mais il n'en vaut probablement pas la peine.)
(Je suis plutôt intrigué, signons ce contrat.)
Parfait. Vous trouverez toutes les informations dont vous aurez besoin à l'intérieur de cette enveloppe.
La session aura lieu le mois prochain, c'est à dire la <color=yellow>semaine 18 en mai</color>.<link=Pause></link>
D'ici là, je vous souhaite bonne chance.
(Il est parti comme une fusée...)
(Je n'ai même pas eu le temps de discuter du jeu vidéo pour savoir quel ton conviendrai.)
(J'espère qu'il y a ce qu'il faut dans cette enveloppe.)
Hé, il est parti, pas très commode, pas vrai ?
Enfin, on va pouvoir discuter.
Il faut que je sache si tu es à la hauteur pour diriger Ragab.
Car je n'accepterai pas un directeur artistique qui prend son travail à la légère.
(...)
Fais pas cette tête.<link=Pause></link>
De ce que je vois, t'as l'air d'en avoir dans le ciboulot ! Haha !
Écoute, ça fait des années que je double Ragab et honnêtement c'est comme devenu une part de moi-même.
Vous avez l'air de prendre ce rôle particulièrement à coeur.
C'est vrai, c'est pour ça que j'en attends autant de toi.
Mais dis-moi qu'est-ce qui t'as poussé à accepté le contrat ?
La raison première était l'argent je suppose, non pas que je ne respecte pas ce jeu.
Hé. T'es francs au moins<link=Pause></link>
Mais j'imagine que c'est une raison comme une autre.
Pour ma part, je le fais pour donner le sourire aux enfants.
Ragab était un jeu populaire chez les petits il y a quelques années.
Et en devenant adultes, ces gars me disent que j'ai bercé leur enfance !
Rien que d'entendre ma voix les rends heureux et nostalgiques.
C'est pour ça que pour cette suite, je veux leur faire honneur.
...
Hé ! Me regarde pas comme ça<link=Pause></link>
Si je te dis tout ça c'est parce que je veux vraiment que tu donnes ton maximum.
Je sais que tu dois arrondir tes fins de mois.
Mais que ça ne t'empêche pas de faire du travail de qualité.
Et c'est pas parce que j'te connais pas ou que tu m'apprécies pas trop que je ne vais pas te faire confiance.
C'est toi le chef d'orchestre, après tout.
(Il m'a mis une sacré pression sur les épaules...)
(C'était vraiment un drôle de personnage...)
(Mais bizarrement, j'ai l'impression que ce sera plus facile de le diriger durant l'enregistrement de Ragab.)
Ah te revoilà ! Dis donc, est-ce que tu as pensé à acheter des sardines ?
Non, mais j'ai beauoup mieux que ça.
Notre prochain boulot.
"<color=yellow>Ragab VII : Wing of Destruction</color>" ?
Mais c'est un gros truc !
Et ça paye super bien !
Y'a sardine sous roche c'est pas possible.
C'est ce que je me suis dit, mais la dernière fois qu'on a pris un risque, ça a payé, non ?
Inconcevable...
On a même une démo, alors allume la console
Euh...
T'as vu le casting ?
Ouais, vu que c'est une suite on va devoir contacter les anciens comédiens.
Tu sais qui fais la voix de Miss Ragab ?
Je sais plus, de toute façon peu importe la personne, ça ne change rien.
Regarde mieux !
C'est Dorémi !
Dorémi incarne Miss Ragab !
Q-Quoi !?<link=Pause></link>
Mais comment ?!
Comment ça ?
C'est toi qui a accepté pourtant.
(Qu'est-ce que ça veut dire ?)
(Miss Ragab est un nouveau personnage inédit...)
(Ils nous imposent Dorémi pour l'interpréter...)
(Et surtout, ils sont venus nous voir, nous, un petit studio...)
(...)
(On enregistre le <color="yellow">mois prochain</color>.
Si je la revois avant, je lui en toucherai un mot.)
(Ce qui compte c'est que ce contrat, c'est le notre.
Peu importe ce qu'il se trame derrière, on doit faire du bon travail.)
(On a un mois pour se préparer.)
(C'est le grand jour, l'heure de commencer la session de Ragab.)
Oh, bonjour !
Haha, en forme ?
(Tout le monde est là, parfait.)
Bonjour, M. [Directeur Artistique].
Vous êtes en retard de 4 minutes, j'espère que vous avez une justification.
Ah, ah oui les réglages de dernières minutes ont du prendre 4 petites minutes de plus, héhé.
(Ça commence bien...)
Ce n'est pas grave, ne perdons pas de temps et commençons.
O-oui, on va enregistrer en deux temps.
Ragab en premier, puis Miss Ragab.
Pas d'objection, allons-y.
Dorémi ?
Oui ?
...
Non, rien. On en parlera après la session.
Beau travail champion.
Heum... Merci.
Même si je me suis peut-être trompé dans la direction à prendre pour Ragab.
T'en fais pas.
C'est normal de douter, ça veut dire que tu sais prendre du recul.
Et de ce que j'ai vu, ça ne t'as pas empêché de tout donner, c'est ce qui compte.
(J'ai tout donné, mais j'ai peut-être tout perdu auss...)
Bocca a raison, même si ta vision n'était pas celle de l'auteur, j'ai quand même pu m'imaginer une scène remplie d'émotion.
Peut-être qu'on devra ré-enregistrer certains passages.
Mais si le réalisateur de Ragab voulait que tu sois fidèle à 100% à sa vision, il n'avait qu'à venir en personne plutôt que d'envoyer Bourghi.
Vous avez tous fait du bon travail, maintenant qu'est-ce que vous diriez de fêter ça ?
C'est moi qui invite !
Navré d'interrompre votre discussion, mais il y a un changement au programme.
Il reste des lignes de dialogues à enregistrer.
Quoi ?
Il semblerait que le développement prenne du retard.
De ce fait, la dernière scène que nous avons enregistré ne fera plus parti du jeu.
(Tout ces efforts annéantis...)
Et puisque la fin a été remanié, certains dialogues ont changé.
Heureusement, cela ne concerne que M. Bocca et cela ne devrait pas prendre plus d'une heure.
Bah. Si ce n'est que ça, on retarde juste notre petite fête.
Allez [Nom], on a un travail à finir.
(Pas le choix, j'y retourne.)
(Mais du coup je ne connais pas la scène. J'espère que ça ira.)
Avec l'argent qu'on a gagné grâce à Princess Muffin, j'ai installé le nouvel OS optimisé pour la gestion sur tes ordinateurs.
Je vais t'expliquer comment ça marche.
Tout d'abord, j'ai modifié l'interface pour qu'elle tienne sur 2 écrans.
L'écran du milieu en bleu, c'est les <color="blue">contrats</color>.
L'écran de gauche en rouge, c'est les <color="red">comédiens</color>.
Tu peux zoomer avec RT.
Je t'invite à tourner la tête et regarder l'écran des comédiens.
Utilise le stick droit ou maintiens le bouton de la souris et glisse la vers la gauche.
Ok, regarde, j'ai ajouté Dorémi à notre base de données.
Ici, tu pourras consulter toutes les informations sur un comédien comme sa popularité, son tarif, son niveau.
Evidemment le logiciel leur attribue ces chiffres pour les comparer, mais ça reste des êtres humains.
Enfin retourne sur le menu des contrats.
Toutes les annonces qui nous sont adressées ou qui sont postées dans le logiciel se retrouvent ici.
Lis bien les informations avant d'accepter un contrat.
Tu as les <sprite=10> <color="yellow">semaines</color> pour réaliser le contrat et la  <color="yellow"><sprite=9> somme</color>.
En-dessous, le nombre de <color="yellow">lignes importantes</color> et le nombre de <color="yellow">lignes au total</color>.
Les <color="yellow">lignes importantes</color> sont celles où on va passer le plus de temps durant les sessions.
Une fois qu'on a enregistré toutes les <color="yellow">lignes importantes</color> on peut quasiment considérer le contrat comme terminé.
Le nombre de <color="yellow">ligne totales</color>, lui, va nous donner une estimation du prix du l'enregistrement.
Si le doubleur doit enregistrer 100 lignes, on va devoir le payer 100 multiplié par son prix à la ligne.
Maintenant, appuie sur RB ou fais tourner la molette de la souris pour passer à la deuxième page.
Evidemment, les comédiens doivent incarner des personnages.
C'est sur cette page que tu peux voir les informations des rôles d'un contrat.
Tu peux voir le type du rôle, son nombre de lignes total, ainsi que ses fans.
À droite se trouve les <color=yellow>statistiques</color> du rôle.
J'en reparlerai plus tard. Pour l'heure, choisi un contrat qui te plait, ils devraient tous être abordables.
Et si tu veux une piqure de rappel, tu peux consulter ton téléphone portable avec Start.
Ok, cet écran te montre toutes les informations dont tu as besoin pour ton contrat.
Et actuellement, notre personnage n'a pas de comédien attribué.
Passe sur l'écran de gauche pour en sélectionner un.
Ok, écoute bien le choix des comédiens est très important.
En bas de l'écran, tu peux consulter les infos du rôle pour lequel tu auditionnes.
Tout d'abord il faut un comédien avec un bon timbre de voix.
Pour cela il faut juste que le timbre blanc soit a l'intérieur du carré bleu.
Les statistiques du comédien correspondent à leur niveau de maitrise dans les différentes émotions qu'ils transmettent.
Il y a la <sprite=0> Joie, la <sprite=1> Tristesse, le <sprite=2> Dégoût, la <sprite=3> Colère, la <sprite=4> Surprise, la <sprite=5> Douceur, la <sprite=6> Peur et enfin la <sprite=7> Confiance.
Au milieu, tu peux consulter :
-Les statistiques du comédien en blanc.
-<color=blue>Les statistiques du rôle en bleu</color>.
Le but du jeu, c'est de sélectionner un acteur avec des <color=yellow>statistiques supérieures à celle du rôle.</color>
L'icône s'affichera en vert comme un <color=green>OK</color>.
Cependant, si on veut aller plus loin, on préfèrera un comédien dont les statistiques sont égales au rôle plutôt que supérieur.
Basiquement, plus les statistiques sont rapprochées, plus ton comédien est fait pour le rôle.
Même si le comédien est quelques point en dessous, tant qu'on est proche ça devrait faire l'affaire.
Surveille également le coût total du comédien affiché en bas à droite, et une fois que tu as la perle rare, sélectionne-la.
Si personne ne fais l'affaire, on peut organiser une Audition moyennant finance.
Ok, on va pouvoir commencer.
Une session dure toute une semaine.
Donc vérifie bien que tu n'as rien oublié avant de lancer la session, car le temps va s'écouler.
La session dure 15 prises, si tu ne réussis pas à enregistrer toutes les phrases en 15 prises, on devra continuer le contrat une autre semaine.
Les statistiques des personnages te donnent des indices sur les émotions à utiliser durant l'enregistrement.
Une fois en session, ce sera à toi d'utiliser les bonnes émotions et de tirer parti du potentiel de l'acteur pour réaliser un <color=yellow>super</color> enregistrement.
Sur ce, je compte sur toi partenaire.
Bon, ce premier contrat s'est plutôt bien passé.
Mais t'as dû remarquer qu'on a gagné une somme différente du montant initial.
Nos contrats impliquent un <color=yellow>salaire de base</color>, auquel s'ajoute un <color=yellow>bonus</color> suivant le succès du produit.
Plus les statistiques du comédien sont proche de celle du rôle, plus le comédien est susceptible de faire un carton.
Pareil pour la session, si tu utilises des bonnes émotions et que le comédien fait de très bonne prises, le bonus qu'on gagne est meilleur.
Enfin, ça s'applique aussi dans l'autre sens.
Si tu choisis et diriges mal tes acteurs, on risque de recevoir un <color=red>malus</color> sur notre paye.
T'as dû t'en apercevoir, tes comédiens sont plus ou moins endurants.
Chaque prise fatigue un comédien.
Et certains rôles sont plus exténuants que d'autres. Regarde bien leur valeur d'ATQ avant de commencer un contrat pour anticiper les dégats.
Si l'endurance de l'acteur atteint 0, tu le surmenage et on doit arrêter la session d'enregistrement.
De plus le temps qu'il se repose et récupère peut prendre une semaine ou deux.
Donc réfléchis bien quand tu choisis un comédien.
S'il est bas en endurance, sache qu'il va sans doute se reposer dans la semaine et revenir en pleine forme la semaine suivante.
D'ailleurs, tu le sais, les comédiens ne sont pas nos employés, ils vivent leurs propre vies.
Et s'ils trouvent du travail ils peuvent gagner de l'expérience, au détriment d'un peu d'endurance.
Donc surveille bien les acteurs que tu n'utilises pas, ils continuent de progresser même sans nous.
Hé regarde, ce contrat dispose d'une autre jauge que celle d'enregistrement.
C'est la jauge de <color=yellow>Mixage</color>.
C'est là que j'interviens. Pour ces contrats tu dois assigner un ingénieur du son.
À la fin de chaque semaine, je remplirais cette jauge d'un montant égale à ma compétence de mixage.
Un contrat sera considéré comme terminé si tu as enregistré toutes les lignes ET si j'ai terminé le mixage audio.
Ça va nous demander un peu plus de rigueur dans notre emploi du temps, mais on va s'en sortir !
Héhé, t'as remarqué ?
J'ai fini d'installer ton 3e écran.
Si l'écran du milieu concerne les contrats,
l'écran de gauche concerne les acteurs,
ce dernier concerne notre studio.
C'est par cette interface que l'on va pouvoir se développer.
Hé, c'est ma photo de profil, plutôt stylé pas vrai ?
Sur cet écran tu peux apercevoir mes compétences.
Mon niveau, ma compétence de mixage et mes différents bonus dans certains types de contrats.
Mes compétences d'ingé son que je pourrais utiliser en enregistrement.
Et en appuyant sur Y je peux commencer une formation.
Une formation dure plusieurs semaines.
À la fin de ces semaines, j'aurai appris une nouvelle compétence.
Plutôt simple pas vrai ?
On doit constamment trouver de nouvelles méthodes pour améliorer notre processus de travail.
C'est pourquoi à chaque contrat qu'on termine, plus ce dernier est difficile plus on obtient des points de recherche.
On peut ainsi investir ces points dans différentes améliorations.
Je te recommande les améliorations durant les sessions d'enregistrement en premier.
(On a emmené Bocca à l'hopital après la session.)
(Son état s'est stabilisé, mais sa condition à la fin de la session de doublage était critique...)
(Il a volontairement caché ses faiblesses cardiaques à son entourage, et cette crise a surpris tout le monde.)
(Mais pour l'heure, toute l'équipe à été invité à la soirée de lancement de Ragab.)
Salut à tous les ptits amis !
On se retrouve avec une nouvelle vidéo sur la chaîne pour parler d'une licence cher à mon coeur, Ragab VII : Wing of Des-Truc-Tion !
(Qu'est-ce que c'est bruyant ...)
(Et Zaques qui est parti chercher à boire et qui n'est jamais revenu ...)
Excusez-moi, vous êtes devant le buffet.
Oh pardon.
Pas de problème, y'a tellement de monde, je ne sais pas où me mettre.
 
Hum ... si je puis me permettre, comment vous êtes arrivés là ?
Je veux dire, on vous a invité pour faire de la pub au jeu ou vous faites partie de l'équipe de developpement ?
Oh, ni l'un ni l'autre.
C'est cet hypocrite de Bourghi, le producteur, qui m'a invité.
J'étais le directeur artistique de la licence jusqu'au dernier épisode.
Directeur Artistique ?
Dans le domaine du doublage oui. Je m'appelle Rival.
(!)
Mais ils m'ont remplacé pour Ragab 7 par un nouveau.
Vraiment ? Mais pourquoi ?
Hmpf, officiellement ils souhaitaient un, je cite : "vent de fraicheur pour la série".
Mais en vérité ...
Ils souhaitaient juste une stupide voix.
Je ... Je ne suis pas sûr de comprendre.
C'est la nouvelle protagoniste, Miss Ragab.
Le créateur de Ragab souhaitait impérativement qu'elle soit joué par une personne en particulier.
Vous devez pas la connaitre, mais elle s'appelle Dorémi.
(Quoi !?)
(Mais ...) 
Ce n'est pas un peu extreme, de changer de studio juste pour une voix ?
Evidemment que si !
Mais de ce que j'ai compris, Dorémi a uniquement accepté si Ragab 7 était dirigé par cet amateur.
C'est du pistonnage malhonnête.
(Alors c'est pour ça que Bourghi est venu à notre rencontre...)
(Mais pourquoi Dorémi a fait une chose pareille ?)
Le créateur de Ragab est ultra connu et un peu mégalo.
Et en soit pour Bourghi, c'était payé moins cher le doublage en allant chez le ptit nouveau.
Et tout ça parce que lui et Dorémi ont un deal bizarre.
Hein ?
Bah, même si lui et Dorémi n'ont pas de deal ça change rien au problème.
Ce mec est un mauvais directeur artistique.
(J'aime pas la tournure que prend le conversation...)
De ce que j'ai entendu la direction des comédiens est vraiment médiocre.
Il n'a aucune vision, comme s'il n'avait jamais touché à la série.
Ragab est une licence très méta et ce type a doublé ça comme un vulgaire jeu d'action saupoudré de drama.
Il n'a même pas respecté ce que j'ai essayé de construire sur les jeux précédents.
Et la cerise sur le gateau, il aurait surmené le comédien qui joue Ragab et l'aurait envoyé à l'hôpital.
(Ouch... ça fait mal ...)
(Et comment il sait pour Bocca ?)
Et le pire dans tout ça, c'est que Dorémi est plutot une bonne actrice.
Mais elle a décidé de s'allier avec cet incapable...
... ça m'énerve !
...
Rah, désolé, j'me suis emporté.
Et j'dois te saouler avec mes histoires.
Ah non, non, pas du tout.
D'ailleurs tu m'as pas dis...
T'es qui dans le buisness ?
(Oups...)
Je suis ...
Hé [PlayerName] !
Y'a deux youtubeurs qui veulent t'interviewer.
Ils disent qu'ils peuvent pas attendre ils vont bientôt partir.
Ah.
ça a l'air urgent, tu ferais mieux de te dépêcher.
(Sauvé.)
En tout cas, ravie de t'avoir rencontré et merci de m'avoir écouté.
Y'a pas de soucis... heum... c'était vraiment intéressant.
Allez dépêche, ça va nous faire de la pub !
Bonne chance.
Merci Zaques ! Ce type aurait pu me tuer si je lui avais dis que j'étais le DA de Ragab.
Oula, quoi ? Pas tuer littéralement j'espère.
Ah... il avait l'air sacrément énervé.
Mais il a soulevé des vrais points noir sur le doublage de Ragab...
Si c'est juste un fan hardcore, ça ira. C'est les plus exigeants ils sont jamais contents.
Relax ! Bocca va bien, on va se faire interviewer par des youtubeurs.
On vit notre meilleur vie !
...
D'ailleurs t'as vu Dorémi ? C'est elle qu'ils veulent voir plus que nous en vérité.
Maintenant que tu le dis...
...
...
...
Elle ne répond pas.
Elle n'était pas à la soirée de lancement de Ragab, et maintenant elle ne répond plus.
Je vais lui laisser un message.
Tout ce qu'on peut faire c'est attendre.
J'espère juste qu'elle n'a rien de grave.
Allo Dorémi ?
Dorémi ? Non c'est moi, réalisateur !<link=Pause></link> De <color=yellow>Princess Muffin</color> !
Oh, c'est vous.
Il y a un problème avec Dorémi ? 
Non, ne vous inquietez pas, ce n'est rien de grave.
Ah tant mieux, car je vais avoir de nouveau besoin de vous pour Princess Muffin.
Déjà ?
Euh... oui.
À vrai dire la situation est devenu... compliqué.
Quoi ? C'est encore en trois jours ?
Heum... Venez dans nos locaux lundi prochain. 
C'est un peu compliqué de tout expliquer au téléphone.
Enfin, si vous acceptez.
Lundi prochain, ok.
Vous m'expliquerez la situation et ce que vous attendez de moi.
Et je déciderai si on accepte le boulot.
Ah merci beaucoup !
Je vous dis à la semaine prochaine.
*Bip* *Bip*
Bonjour, nous avons rendez-vous avec ...
Zzzzz.
Euh... Réalisateur ?
Hein !? Non ! Charlotte tu ne peux pas abandonner !
Oh ? [PlayerName] !
À en juger par vos cernes, vous passez des semaines compliqués.
Euh... oui, héhé.
Asseyez-vous, on en a pour un moment.
C'est au sujet de la première saison de Princess Muffin.
Vous avez du vous rendre compte que notre série à extrêmement bien fonctionner.
J'avoue que ça me surprend un peu.
Mais vous aviez prédit ce succès après tout.
En vérité la performance de Dorémi y est pour beaucoup.
Et même moi ça me surprend qu'une seule voix ait autant suscité les foules.
Mais bon, dans tout les cas nous sommes devenus victimes de ce succès.
Nous avons reçu une offre de <color=yellow>Dominion</color>.
(La plus grande plateforme de diffusion de série télévisés, pas mal.)
Vous vous doutez bien que c'est une offre qui ne se refuse pas.
Ils ont commandé l'exclusivité de la première saison de Princess Muffin.
Cependant fin juillet se déroule la (JapanExpo) et Dominion y aura un stand.
Ainsi nous devons livrer la série avant le début du festival pour que Dominion en fasse la promotion.
Cela fait déjà 2 mois qu'on est dessus et la moitié des épisodes n'est toujours pas produit.
Hé beh, j'aimerais pas être à votre place.
Et pour ce qui est de l'enregistrement des voix ?
Oui, c'est là que vous intervenez.
Je vais vous fournir les premiers épisodes et la plupart des dialogues qu'on a écrit dans un premier temps.
Et j'essaierai de vous transmettre la suite le plus vite possible.
Hé, tant que c'est pas trois jours avant la deadline ça va le faire.
Heum...
Disons que c'est peut-être le scénario le plus... probable.
4 mois pour produire 12 épisodes de qualité égale à l'épisode pilote... c'est assez peu.
Donc attendez vous à du retard de notre part pour vous livrer le script des derniers épisodes.
C'est déjà bien qu'on puisse commencer une partie de l'enregistrement.
Honnetement si on a 2 mois, ça va aller de notre côté.
C'est plus pour vous que je m'inquiète.
Essayez de négocier plus de temps parce que vu les cernes, vous risquez de craquer.
On a déjà essayé mais il y a un autre facteur...
Nous sommes en concurrence direct avec une autre série.
Elle aborde des thèmes très simillaires à ceux de Princess muffin.
Elle se nomme (GamesOfQueens).
(J'admets que ça sonne un peu mieux que Princess muffin.)
Elle aussi est prévu pour la (JapanExpo), et la plateforme de Dominion est faite d'une certaine manière.
Les séries en page d'accueil de la plateforme sont les séries ayant fait le plus de vue dans leurs catégories respectives.
Puisque Princess Muffin et Game of queens traitent des mêmes sujets et seront lancés en même temps à la même heure, nous allons nous battre pour la même vitrine. 
Les deux séries ne pourront pas etre en même temps en page d'accueil quoi qu'il arrive.
Et d'après les chiffres, une série en page d'accueil fera 10 fois plus de vues qu'une autre.
En d'autre terme, si notre série n'est pas première, nous allons perdre énormément d'audience.
Wow vraiment ?
Les utilisateurs de la plateforme vont rarement rechercher une série précise.
Je veux dire, il y a tellement de séries qui sortent chaque semaine que c'est beaucoup trop dur de tout regarder.
Donc même moi je suis obligé de regarder les séries en page d'accueil uniquement.
Et c'est pour ça que je dois me donner corps et âme à Princess muffin !
Oui, enfin ne poussez pas trop sur la santé.
Merci de vous inquiétez.
Mais depuis que les technologies ont rendu très accessible la création de divertissement, chaque pause que je prend me distance un peu plus des milliers de créateurs !
On ne le fera pas changer d'avis.
Oui, on peut juste vous souhaiter bonne chance pour que vous finissiez premier.
On ne fait qu'enregistrer le scénario, pas l'écrire.
D'ailleurs à ce sujet...
Le directeur artistique de (GameOfQueens) est plutôt talentueux.
Il se nomme (Rival) si vous le connaissez.
(Mais c'est...)
Toutes ces réalisations sont de très bonne factures.
Donc s'il vous plaît, donnez le meilleur de vous même pour l'enregistrement.
Car si nos séries sont très proche et que la hype Princess muffin nous donne un avantage, chaque facteur risque de nous départager.
Et je pense que le doublage sera l'un d'eux.
Hé, vous nous sous-estimez, on ne va pas baclé le travail.
Oh désolé si vous l'avez mal pris, ce n'était pas mon intention.
Vous savez que je crois beaucoup en Princess muffin donc je m'inquiète un peu trop.
On a 2 mois, on va en profiter pour bien se préparer et faire un super doublage, comme pour Ragab ! Pas vrai [PlayerName] ?
...
Ce mec est un mauvais directeur artistique.
De ce que j'ai entendu la direction des comédiens est vraiment médiocre.
Il n'a aucune vision, comme s'il n'avait jamais touché à la série.
Et le pire dans tout ça, c'est que Dorémi est plutot une bonne actrice.
Mais elle a décidé de s'allier avec cet incapable...
... ça m'énerve !
...
On ne va pas faire un bon doublage...
Quoi ?
On va en faire un qui va surpasser celui de (GameOfQueens) et de loin !
Il sera tellement bon que ce (Rival) sera forcé de le reconnaitre.
Héhé, qu'est-ce qui t'arrive ?
...
Je... Je...
Je savais que vous étiez le studio qu'il fallait à Princess Muffin !
Merci ! Merci ! Snif !
J'ai eu tort de m'inquiéter vous êtes les meilleurs !
Je ... snif ... j'en pleure !
(Cet offre ne pouvait pas mieux tomber.)
(On ne peut pas juste se contenter de notre petit buisness.)
(Si on veut grossir on doit s'imposer.)
(Et à commencer par prouver à (Rival) que moi et Zaques nous ne sommes pas des fraudes.)
(On va lui montrer qu'on ne se repose pas uniquement sur Dorémi !)
C'est cool et tout de bosser sur Princess Muffin, mais il nous manque la star.
Je l'ai spammé de message, c'est tout ce qu'on peut faire.
Elle va bien finir par nous recontacter.
De toute façon on ne doit pas se reposer sur elle.
Il y a beaucoup de nouveaux personnages pour Princess Muffin.
<color=yellow>Puisque la série risque de durer dans le temps, on doit bien choisir nos comédiens.</color>
On va être ammené à travailler fréquemment avec eux, donc choisissons-bien et accompagnons-les du mieux que nous pouvons.
Ouais je vois ce que tu veux dire.
On peut pas choisir les comédiens des personnages secondaires de Princess Muffin au hasard.
Occupons-nous de ça dans un premier temps.
Repèrons des comédiens adaptés au rôle, et peut-être même faire quelques contrats avec eux pour qu'on obtienne de l'expérience avec eux.
On a beaucoup de temps pour rendre Princess Muffin donc profitons on.
Hé ça s'est plutôt calmé ces temps-ci.
C'est surtout qu'on a enchainé deux gros contrats d'affilés.
Ouais mais... je sais pas...
(Qu'est-ce qu'il lui prend ?)
(Pour une fois qu'on peut souffler un coup.)
Hé [PlayerName] !
J'ai peut-être trouver notre prochain contrat !
Quoi ?
C'est un ami du cousin du frère de mon voisin qui m'en a parlé.
Pardon ?
Cet ami travailly sur un thriller [Langue] qui fait un carton en [Pays].
Et ils aimeraient bien exporter leur film.
Et c'est là qu'on entre en scène !
Ok, pourquoi pas.
Je lui ai parlé de nous et il avait l'air bien chaud.
Après il va nous falloir un traducteur.
D'accord.
Attend, quoi !?
Bah, c'est l'affaire d'une annonce, ou on demande à une société externe.
Mouais... ça commence à sentir le roussi ton histoire.
ça rajoute du piment, du challenge.
Et ça nous permet de développer notre studio.
Pouvoir doubler des films et séris d'autre pays va étendre notre réseau et nos revenus par la même occasion !
Ah, c'est bon t'as gagné.
On va le recruter ce traducteur.
Mais je t'avoue que je m'y connait pas trop, donc pour faire le bon choix...
Il suffit d'écouter ton coeur, allez on va faire l'annonce ensemble.
Bon... dans un premier temps il nous faut le niveau du diplôme, pas vrai ?
C'est des foutaises ça, il faut juste de l'expérience, pas besoin de diplome.
(Hmmm... un métier de traducteur/adaptateur nécessite un bon niveau en francais écrit et dans la langue étrangère.)
(Qu'est-ce que je devrais mettre dans l'annonce ?)
Bon, je maintiens que tout ce qui compte c'est l'expérience.
Il faut un candidat qui a au moins fait un stage ou travaillé dans une boîte de localisation.
(Combien d'année d'expérience cherche-t-on ?)
Ah oui, note des compétences aussi.
C'est-à-dire ?
Tu sais, les indispensables.
Rigoureux, dynamique, savoir travailler en équipe.
(Qu'est-ce qu'on recherche vraiment comme compétence ?)
Et voilà, ça devrait faire l'affaire.
Héhé, l'équipe s'agrandit, j'ai hâte !
Alors ? Alors ? On a reçu des candidatures ?
Quelques unes oui.
Mais...
Les lettres de motivation sont remplis de faute d'orthographe.
T'es sûr que c'est pas toi qui pense que c'est une faute alors qu'en vérité c'est correct ?
...
Je préfère attendre d'autres candidatures tu vois.
...
...
Tiens ?
Viens voir Zaques, on a un candidat.
Ah ouais ? Fais voir, fais voir.
On la rencontre la semaine prochaine ça te va ?
ça roule.
Alors ?
Elle fera l'affaire, elle est sérieuse, professionnelle.
Et elle commence la semaine prochaine.
Très bien je vais me mettre au travail.
Bonjour Monsieur.
Oh bonjour, [Traducteur], on peut se tutoyer tu sais.
Très bien.
Monsieur Zaques m'a donné du travail, je m'y mets sur le champs.
Hé beh.
Je voyais quelqu'un de plus relax.
C'est son premier jour, elle est un peu intimidé.
C'est comme Dorémi, à l'audition de Princess Muffin elle était toute timide et maintenant on s'entend très bien.
Ouais t'as raison.
Allez ! Maintenant mettons nous au travail !
Hello Hello Hello Hello Hello Hello Hello Hello Hello Hello Hello Hello Hello Hello Hello Hello Hello Hello Hello Hello Hello Hello Hello Hello Hello Hello 
Hello Hello Hello Hello Hello Hello Hello Hello Hello Hello Hello Hello Hello Hello Hello Hello Hello Hello Hello Hello Hello Hello Hello Hello Hello Hello 
Studio [StudioName] je vous écoute ?
Bonjour.
Je me présente, <color=yellow>Bourghi</color>, producteur au sein de Ragab Studio.
Je vous appelle pour prendre rendez-vous afin de discuter du doublage du jeu vidéo Ragab.
Très bien, vous avez une date en tête ?
Pourquoi pas demain ?
Euh, demain ?
(En voilà un qui ne perd pas son temps.) 
Ça devrait être possi.......
Très bien, je vous dis à demain 9h.
<link="print"><color="yellow">*Bip* *Bip*</link></color>
Euh... Bonne journée ?
(Bonne nouvelle, je suppose.)
Studio [StudioName], bonjour.
Bonjour, je viens de voir que vous aviez accepté le contrat "Turbo Gazon" !
Je me présente, je suis le producteur de cette publicité et je viens ajouter une condition à ce contrat.
Une condition ?
Mon neuveu cherche à se lancer dans une carière de doubleur, et je me disais que Turbo Gazon serait une occasion rêvée !
Se lancer dans le doublage avec une pub pour une tondeuse à gazon ?
C'est exact ! 
Mais...<link="Pause"></link>
A-t-il les compétences au moins ?
Aucune !
...
(Si c'est une blague elle n'est pas marrante.)
Il n'a jamais doublé avant ? Ou joué dans une pièce de théâtre au collège ?
Non rien.
Mais il déborde de passion ! Une vraie boule de nerf !
(Franchement, je n'ai pas grand chose à perdre à accepter, si c'est un échec il ne pourra s'en prendre qu'à lui)
(C'est lui le client, tant qu'on est payé...)
Bon, c'est entendu.
Vraiment ? Stan sera disponible dès la semaine prochaine !
Je suis sûr que l'on découvrira chez lui un talent encore jamais vu.
(Encore une grosse journée.)
(J'ai envie de me détendre un peu.)
...
...
(Allez, c'est tout pour cette fois.)
Hum ...
<link=Print>Hum ...</link> Pas grand chose d'intéressant.
<link=Print>Hum ...</link> Hé mais c'est <color=yellow>[VAR]</color>
Hé ! ça rend vraiment bien, je suis fier de moi.
Hum, ça va on a fait du bon travail.
Hé beh, c'est pas notre meilleur performance.
Tiens ? Qu'est-ce que c'est que ce mail ?
"Bonjour Mr [PlayerName], nous sommes une <color=yellow>école de théâtre</color>, et nous souhaitons que vous réalisiez une intervention dans notre établissement pour parler de votre métier aux étudiants."
Se faire inviter par une école, ça veut dire que j'ai une réputation dans le milieu.
ça fait plaisir.
Du coup, je vais y aller. C'est toujours bon de partager la connaissance.
...
...
(Les élèves avient l'air vraiment intéresser, en plus d'être talentueux.)
(Même si j'ai fais un cours, j'ai pu apprendre pas mal de choses.)
(Point de recherche +10)
Désolé, on est un peu occupé.
Tiens ? Qu'est-ce que c'est que ce mail ?
"Bonjour Mr [PlayerName], nous sommes une <color=yellow>école de doublage</color>, et nous souhaitons que vous réalisiez une intervention dans notre établissement pour parler de votre métier aux étudiants."
Se faire inviter par une école, ça veut dire que j'ai une réputation dans le milieu.
ça fait plaisir.
Du coup, je vais y aller. C'est toujours bon de partager la connaissance.
...
...
(L'école ressemblait plus à une arnaque qu'a un véritable établissement.)
(J'ai fais ce que j'ai pu pour aider les élèves.)
(Point de recherche -10)
Nah, les écoles de doublage sont souvent des arnaques.
... Les cheminots annoncent une grève commencant dès cette semaine, plus d'informations nous...
(Une grève ? 
J'espère que ça ne va pas nous empêcher de travailler.)
Hé, [PlayerName].
ça te dis de tenter le Loto ?
Tu devrais retourner bosser.
Oh allez...
Bon c'est 1 chance sur 100 000, certes.
Mais on dit qu'il faut savoir provoquer la chance !
Et, dans le pire des cas, on perd "que" 10NE.
Oh allez mec...
Tu pourras me demander autant de fois que tu veux, non c'est non.
Héhé, je savais que je pouvais compter sur toi !
C'est vraiment parce que c'est "uniquement" 10 balles.
J'ai enchainé les défaites, mais cette fois on va le gagner le gros lot !
Wow, euh 100 tickets ?!
Tu m'as dis de provoquer la chance.
Ouais, enfin on vient de perdre 10 000 NE.
Ou de gagner le gros lot.
De toute façon, on verra les résultats la semaine prochaine.
Et le vainqueur de notre grand jeu concours pour obtenir la somme de 100 000 N€ est...
[Personne]
Tsss...
On a pas le numéro gagnant.
Fallait s'y attendre. C'est le loto.
[PlayerName] !
...
...

On a gagné !?
On-on a gagné ?
On a gagné [PlayerName] ! On a gagné !
On est riche !
À moi la richesse, rouler en limousine, les soirées de hipster, les vacances chez les aliens, les s...
(On a gagné le loto mais on tiendra pas l'année.)
(Utilisons cette argent pour améliorer le studio.)
C'est Ara, qu'est qu'elle fait ?
Oh ! Bonjour M. [PlayerName].
Qu'est-ce qui t'ammène dans le coin ?
Oh ?
Je crois que je me suis perdu en suivant cette jolie abeille, héhé.
(Cette fille est un cas particulier...)
(Je vais la raccompagner, sinon elle risque de ne jamais rentrer chez elle.)
(Il est déjà si tard ?)
(J'ai trop trainé.)
(Hum ?)
(Je vais un petit peu discuter avant de rentrer.)
Hé mais c'est Déa.
Content de vous voir.
Je vous ai jamais vu dans le coin.
Ah, c'est normal je suis allée voir une amie.
(J'ai cru reconnaitre quelqu'un.)
(Mais trop tard il est déjà partit. Tant pis.)
Oh, c'est Dorémi.
Bonsoir [PlayerName].
Quelles sont les nouvelles ?
Héhé, pas grand-chose malheureusement.
[PlayerName], bonsoir.
C'est moi Jean-Christophe.
Quelle surprise de te voir ici.
Je me promène de temps en temps le soir.
Les auditions me stressent alors j'essaye de faire le vide et de profiter de la brise.
Jean-Christophe ?
Bonsoir [PlayerName].
Avec Moine-Maeda nous sommes partis boire un coup.
Hic !<link=Pause></link>
Trish... mon petit sucre d'orge... Hic !
Ça va aller pour lui ?
Vous en faites pas je vais le raccompagner.
Oh, serait-ce le destin qui nous réunit à nouveau ?
Comment ça va ?
Hum, cette semaine fut particulièrement plaisant.
J'espère que la prochaine le sera tout autant.
Stan ?
Hé salut m'sieur !
Tout va bien ?
J'ressors d'une lan c'était OUF !
Bon sang qu'est-ce qu'il fait chaud...
La semaine prochaine c'est canicule.
Parce que ça va monter plus haut ?
La chaleur déshydrate les comédiens, faisons attention.
Sudio [StudioName] j'écoute ?
Bonjour, je me prsente, Monsieur T. 
Je représente le secteur publicitaire des climatiseurs Clim-Climax.
Oui les fameux climatiseurs. Nous venons d'accepter une offre pour votre compte.
Parfait, cependant je vais devoir vous briefer un petit peu sur ce qui va se passer.
Oui, naturellement.
Je ne parle pas d'un simple brief de direction à prendre pendant le doublage, mais plutôt sur l'épreuve en elle-même.
L'épreuve ? On parle bien du doublage d'un spot publicitaire pour des climatiseurs, là ?
J'ai comme l'impression que vous sous-estimez ce que représente un tel spot publicitaire pour Clim-Climax.
Cet été sera sans doute meurtrier. Nous ne prenons pas la climatisation à la rigolade, mon cher ami.
Je comprends bien mais un simple spo..........
Chaque année des millier de personnes âgées décèdent à cause de la châleur !
...
Bon... eh bien en quoi consiste-t-elle...<link=Pause></link> cette épreuve.
Cette publicité tournée dans le désert a mis les acteurs dans des conditions de tournage éprouvante.
Vous savez, il arrive que la châleur atteigne 60°C dans un désert.
(Mais où veut-il en venir ?)
Nous avons donc décidé que la prise de son ne se ferait pas directement sur le tournage mais après coup, en studio.
Et vous souhaitez donc que les comédiens qui interprètent aient l'air d'avoir vraiment chaud. 
C'est exactement ça, faites tout pour qu'ils se retrouvent dans les mêmes conditions que pendant le tournage.
(Bin voyons, il veut qu'on tourne dans une fournaise ?)
Ecoutez, vous pouvez me faire confiance, je connais mon travail.
Je ferai en sorte que les acteurs soient les plus convainquant possibles.
Je compte sur vous pour ça alors, Monsieur [PlayerName] !
Bonne chance !
<color=yellow>*Bip* *Bip*</color>
<color=yellow>*Dring*   *Dring*</color>
Sudio [StudioName] j'écoute ? 
Monsieur T à l'appareil, j'espère que ma petite blague avec la climatisation à fait son effet.
Attendez... c'était vous ?!
Désolé d'avoir piraté votre climatisation.
C'est un peu regrettable d'en arriver là, et ce n'est pas que je ne vous faisait pas confiance, mais...
Bon écoutez j'ai moyennement envie d'en savoir plus sur le pourquoi du comment.
Ni comment vous avez réussi à piraté une clim.
J'espère simplement ne plus avoir à faire à un dingue comme vous.
A-Attendez !
Je viens me racheter.
Vous avez réussi l'épreuve alors vous méritez bien une récompense.
Et quoi de mieux que notre Climatisateur Clim-Climax !
Pour que vous l'éteignez à distance en enregistrement ? Non merci.
Je n'ai pas vraiment envie d'accepter des cadeaux de votre part
Mais non, ne le prenez pas comme ça.
De toute façon vous n'avez pas le choix elle est déjà installé.
Quoi !?
Hé [PlayerName], j'ai fini d'installer notre nouvelle climatisation.
Le livreur m'a dis que c'est un de tes amis qui nous l'offre.
<color=yellow>*Bip*   *Bip*</color>
(Il a raccroché...)
<link=Print>Obtenu : Clim-Climax</link>
Euh c'est fini je peux y aller ?
Oui, t'as fait du bon travail finalement, même si le début était catastrophique.
Trop cool !<link=Pause></link>
Maintenant que je suis dans le milieu je vais devenir une voix célèbre de film !
T'emballes pas trop, il va falloir en faire des centaines des pubs avant d'atteindre ce niveau.
Ah relou...
Mais bon c'était plutôt fastoche, ça devrait pas poser problème.
Quelle ambition sans limite.
Bon allez, a plus les copains !
En tout cas ça partait mal, mais t'as réussi à voir du potentiel dans ce gars.
Hé, peut-être qu'on referra appel à lui, on ne sait jamais.
Ok, bon...

Prêt Bocca ?

Regarde moi bien petite !

Je me fiche que tu sois une débutante ou une vétéran.

Tout ce qui compte, c'est de tout donner !

Écoute bien ma performance, et essaye de t'ajuster sur elle quand ce sera ton tour.
E-Entendu !
Hrm... Hrm...
Pouvons-nous commencer ?
Allez, en piste.
La scène qu'on va enregistrer est très importante.
Je nous donne deux fois plus de temps, donc pas besoin de se précipiter.
Et pour replacer le contexte : Tout se déroule la nuit précédant le combat final.
Et Ragab partage ses doutes avec Miss Ragab à propos de son ultime combat.
Voilà. Tout le monde est prêt ?
Maintenant...
Ragab... In Session !
Parfait ! C'est dans la boite.
Héhé, c'était pas trop mal.
On fait une pause et ça va être à toi Dorémi.
D'accord.
Tu vas t'en sortir petite.
Bon, la bonne nouvelle c'est qu'il n'y a pas tant de répliques que ça.
La mauvaise, c'est qu'elles sont un peu éprouvantes.
On risque très fortement de devoir faire plusieurs prises
Héhé, pas de problème ! Je vais en faire qu'une bouchée.
H.....
?
?
Un problème, Bocca ?
N-Non, non. C'est le personnage.
Hé beh, il donne vraiment tout ce qu'il a.
...
Bocca... ça va ?
T'as vraiment pas l'air bien.
Tout va bien, tout va bien.
Urgh...
On va faire une pause.
Non !
Je me suis peut-être un peu trop pris dans mon personnage.
Mais je vais bien.
Monsieur Nagais, cessez de nous faire perdre notre temps.
Soit vous prenez une pause, soit nous continuons.
Décidez-vous.
T'as entendu Bourghi ? Allez on fini ça au plus vite, et on ira manger un bout après !
Très bien...
(On doit faire le moins de prise possible, sinon j'ai peur qu'il arrive quelque chose à Bocca.)
Rah ! Allez Bocca tiens le coup on a bientôt fini !
...
Bocca ?
Bocca !
Vite ! Sortons le de là !
Je...
Je vais...
... bien !
Bocca !?
Il tient à peine debout.
Lancez l'enregistrement.
Pas question, tu dois te...
Lancez l'enregistrement !
Je ne peux pas...
Je ne peux pas laisser Bhaguar gagner !
Mes fans...
Ils comptent sur moi !
Car...
Car...
Car...
Je suis Ragab !!!
Ok, on y va dès que t'es prête.
...
(C'est comme pour Princess Muffin.)
(On dirait qu'elle fait le vide dans sa tête avant de commencer.)
(Ça doit être son rituel pour évacuer son stress, laissons-la faire.) 
Mademoiselle Dorémi.
Nous vous attendons.
(Évidemment...)
...
Mademoiselle Dorémi, je perds patience !
Euh... O-Oui.
Du calme.
Allez Dorémi, on y va.
(En espèrant que l'intervention de Bourghi ne l'ait pas trop bouleversé dans sa concentration.)
Cette prise n'avait aucune émotion, refaissons-la.
Ah ...
Euh pardon ?
C'est une scène triste, je vous rappelle.
Oui, donc la prise me semble correcte.
Oh s'il vous plaît. Ai-je l'air d'avoir versé une larme ?
(Est-ce que tu ressens des émotion déjà ?)
Votre performance Mademoiselle Dorémi, était plus que médiocre.
Bon, très bien.
Allez Dorémi. On la refait.
(Bon sang, il ne va jamais s'arrêter ?)
Mademoiselle Dorémi ...
J'ai l'impression que vous êtes au bord du suicide.
Q-Quoi ?
Mais vous m'avez dit ...
Si nous souhaitons faire de gros bénéfices, nous ne pouvons pas nous permettre d'avoir des personnages aussi ennuyeux.
(Mais c'est parce que c'est une scène triste que Dorémi a ce ton.) 
(Si elle en fait trop la scène sera juste comique.) 
!?
(Ou alors je n'aurais pas compris la scène ?) 
M. [Directeur Artistique], c'est à vous de prendre les choses en mains.
Je vous trouve trop transparent dans votre rôle.
(Est-ce que ...) 
(Est-ce que j'aurais fais une erreur ?) 
(Miss Ragab devrait fondre en larme dans cette scène ?) 
M. [Directeur Artistique], je vous parle.
C'est votre travail de vous assurer que Dorémi fasse un travail de qualité, pas le mien.
Faites quelque chose.
Hé, ça va ?
(Boss me fais confiance, Dorémi me fais confiance...) 
(Alors, je ne peux pas trahir leur confiance.) 
(Il est trop tard pour douter.) 
(Tant pis si j'ai mal interprété la scène, je dois aller jusqu'au bout.) 
(Boss et Dorémi sont aveugles, c'est pourquoi je dois les guider.) 
(Et si même moi je ne sais pas quel ton donner à Ragab, alors on va droit dans le mur.) 
(Si Bourghi ne va pas dans mon sens, alors je vais devoir l'affronter !) 
Zaques, tu me fais confiance ?
C'est quoi cet question ?
Évidemment, bien plus que ce buisnessman.
Et, je serais pas là sinon.
Dorémi, on va refaire une prise.
Monsieur Bourghi, n'hésitez pas à émettre vos critiques, j'ajusterai en fonction.
Mais vous l'avez dit, c'est mon travail de m'assurer que mes acteurs donnent le meilleur d'eux-mêmes.
Même si j'ai un avis différent du votre, j'agis pour le bien de votre produit.
Vous m'avez donné ce job.
Alors je vous invite à me faire un peu plus confiance.
Hmpf... Cessez de jacasser, et au travail.
Un film d'entreprise, hein ?
Et je dois...
...faire peur aux employés ?
Avec quel genre d'entreprise on a décidé de travailler ?
Prendre une expression joyeuse ne va pas suffire pour une pub de jouet.
Il faut rendre ça incroyable.
Mettre plus de <color=yellow>surprise</color>.
Alors, quel est l'angle d'attaque qu'on prend ?
J'en sais rien.
J'ai une mauvaise expérience avec les attentes téléphoniques...
Pourtant, leur voix douces m'aide à me détendre.
Une voix douce oui...
Si on m'avait dit que je participerai à ce genre d'enregistrement un jour...

Euh c'est moi ou il fait un peu chaud ?
Ouais, pourtant on a bien mis la clim ce matin.
Elle est peut-être pas assez forte. 
Je vais la monter au maximum.
Ok, prête ? Action !
J'ai dit... Action !
(Qu'est-ce qui lui arrive ?)
Heum...
P-Parfait, du premier coup. On va enchaîner.
(L'atmosphère de la pièce a complètement changé.)
(Elle a dû beaucoup répéter chez elle. )
(Mais bon, c'est ce que n'importe quel rookie un peu sérieux aurait fait.)
(Ah ! Une erreur !)
(Alors, elle n'est pas si forte finalement.)
Encore une fois, je ne trouve rien à redire.
(Cette fille...)
(Ce n'était qu'une débutante à l'audition.)
(Alors, pourquoi sa prestation est si différente ?)
(Elle ne peut pas avoir atteint un tel niveau en une nuit.)
T'as remarqué ?
Remarqué ?
Regarde ses yeux.

Elle ne lit même pas le texte !
Elle récite le script de tête !?
(Non... Il doit y avoir autre chose...)
(Qu'est-ce qu'elle essaye de prouver en faisant ça ?)
(Apprendre le texte par coeur est une chose.)
(Mais ce n'est pas comme au théâtre... Elle peut jeter un coup d'oeil au script à tout moment, si elle le souhaite.)
(Pourquoi se donner autant de mal pour un si petit rôle ?)
Y'a-t-il un problème ?
Non, rien à redire depuis le début.
Tu peux continuer.
(Bon sang, encore un sans faute...)
Hé ça va ?
T'as pas l'air bien, alors qu'elle fait un super boulot.
Honnêtement, on peut se relaxer avec elle dans l'équipe.
!
(...)
(Qu'est-ce qu'il m'arrive ?)
(Il a raison, Dorémi donne tout ce qu'elle a.)
(Et moi je suis là, à guetter la moindre faute dans son jeu...)
(Alors que je devrais l'aider et être à ses côtés.)
!
(J'ai compris !)
(Si elle ferme ses yeux.)
(C'est parce qu'elle a une confiance totale envers moi !)
(Elle n'a pas besoin de suivre la session avec le script.
(Elle suit la session avec moi ! Le directeur artistique !)
...
(J'ai vraiment été un imbécile.)
Zaques, c'est pas le moment de se relaxer !
Mh ?
Dorémi ?
Oui ?
Continue comme ça !
D'accord !


Alors ? Je peux y aller ?
Test, test.
Tu m'entends bien ?
Oui, je t'entends parfaitement.
Mais on va tester différentes fréquences pour être sûr.
Pas de soucis.
(Ce n'était pas très convaincant, même avec la bonne émotion...)
(On va devoir refaire une prise.)
(À chaque fois qu'un acteur joue une phrase, la réplique devient de plus en plus satisfaisante.)
(En théorie...)
(Elle utilise la bonne émotion...)
(Mais il manque quelque chose encore...)
(Elle parle de manière un peu trop monotone.)
(Je devrai lui dire d'accentuer certains mots.)
("Extraordinaire" me semble être un bon choix.)
Le ton n'est pas encore parfait mais tu es clairement sur la bonne voie.
(Encore une prise, et ça devrait être bon.)
Donc tu t'appelles... Dorémi, c'est ça ?
Oui.
Ok Dorémi, alors tu incarnes Charlotte, l'héroine de Princess Muffin.
C'est une jeune lycéenne, joyeuse et dynamique.
Mais c'est aussi une magical girl dotée de super pouvoirs.
Oui... c'est exact.
On va tester la première ligne si tu le veux bien.
Je vais t'indiquer quel émotion utiliser.
Cette prise était pas mal.
Et je pense qu'on peut s'arrêter là.
On te recontactera ce soir si tu as le rôle.
Et comme la compétition n'a pas l'air rude...
Enfin, Zaques va t'accompagner jusqu'à la sortie.
Merci beaucoup.
Parfait.
On va en faire d'autres.
Très drôle.
Est-ce qu'on est bon ?
Continue, je te dirai.
Ok, tout est impec.
Mais on va en faire une dernière juste pour être...
On dirait que ça va devoir attendre.
Et c'est sûrement les candidats de l'audition.
Donc tu ferais mieux de te dépêcher.
Je vais finir l'installation, vas-y.



Contrat Tutoriel
Ce contrat a uniquement pour but de tester le système de jeu de Super Voice Acting.

La conversation est plutôt banale. Le premier personnage est très enthousiaste, là où le second est un peu plus en colère.
Ah ! Encore une belle journée qui commence !
J'ai hâte de donner le meilleur de moi-même !
Arrête de jacasser tu fais trop de bruit !
Ah pardon, je me suis un peu emportée.
Contrat Test
Je suis un contrat test dans l'unique but de montrer rapidement du gameplay.
De l'eau... je meurs de soif...
Arrête de jacasser tu fais trop de bruit !
C'est la faute de ce maudit désert !
Oh ! Regarde ! Une oasis !
On est sauvés !
[Nom]
Nous sommes des étudiants en dernière année d'animation et nous aimerions un(e) comédienne de doublage "professionnels" pour notre court-métrage. Nous sommes prêts à payer.
Notre film traite de la dépression.
Il était une fois au pays des cerf volants.
Il était une fois dans le royaume de Sénak
Il était une fois dans une lointaine contrée.
Un jeune chevalier en quête de défis.
Un noble jeune homme courageux.
Il rêvait de monter sur la plus haute des montagnes
Un matin, défiant les avertissements de ses parents il partit.
Armé de son sabre enchanté
Il brava de nombreux obstcales affrontant bête et démons.
Il affronta de nombreux adversaires.
Mais son périple le mettait face à des dangers toujours plus importants.
Arrivé au sommet, il poussa un immense cri de joie.
Il avait accompli son but ultime
Mais...
Il a tant donné pour son rêve
Qu'exténué, voir soulagé
Il se laissa tomber de la montagne.
Sans rien regretter.
Une fois que l'on a atteint sa raison de vivre.
Notre vie elle même a-t-elle encore un sens ?
Embrouillé par cette question, notre héros n'avait qu'un choix
Et se laissa tomber de la montagne.
Entreprise Ekavox
Nous réalisons un film à l'attention de nos employés pour notre Entreprise Ekavox.
L'insécurité...
Les carries...
Elles entrainent la peur dans nos coeurs...
Il arrive qu'elles provoquent la mort.
La mort de la dignité
Eh oui, être au travail, ne signifie pas délaisser son hygiène dentaire !
C'est pourquoi chez Ekavox, nous nous engageons à accorder 10 minutes...
...Au brossage de dents de toutes l'entreprise !
Les 30 minutes de repas seront donc consacrées à 30% au brossage de dents !
[Nom]
[Nom] est un jeu d'action et d'exploration d'un grand château habité par un vampire.

La scène clé est l'échange entre le héros et le maître des lieux avant leur combat fatidique.
Meurs, monstre.
Tu n'appartiens pas à ce monde.
Ce n'est pas par ma main que la chair m'a était rendue.
J'ai été appelé ici par les humains qui souhaitaient me rendre hommage.
Hommage !?!
Vous volez l'âme des humains et en faites vos esclaves !
Peut-être peut-on en dire autant de toute religion...
Vos mots sont aussi vides que votre âme !
L'humanité n'a guère besoin d'un sauveur tel que vous !
Qu'est-ce qu'un homme ?
Un misérable tas de secrets.
Mais assez bavardé...
En garde !

Bonjour, brave chasseur.
Je suis une poupée, je suis dans ce rêve pour veiller sur vous.
Honorable chasseur, partez en quête des échos du sang.
Je les canaliserai pour vous donner plus de force.
Vous allez chasser des monstres...
... Et je serai avec vous pour soutenir votre moral défaillant.
Des monstres partout autour de moi...
... Vous serez comme eux, tôt ou tard...
... Quelle est cette odeur ?
Le sang parfumé, oh, il chante pour moi.
Il peut rendre malade un homme...
Haahahahahahaha !
Trop de fierté pour montrer votre véritable visage, hein ?
Mais c'était de la chasse sportive !


Ahh, Cos, ou Cosm comme le disent certains...
As-tu entendu nos prières ?
Non, nous n'abandonnerons pas le rêve.
Oh ! Grandiose ! Un chasseur reste un chasseur, même dans un rêve.
Mais n'allez pas si vite !
Le cauchemar se tord et se cabre éternellement !
Comme tu l'as fait jadis pour l'inepte Nom,
Donne-nous des yeux, donne-nous des yeux.
Awoooooo, Awoooooooooo !
Fiche des yeux dans nos cerveaux et anéantis notre ignorance bestiale.
Le grand lac de boue est invisible pour l'heure.
Le cosmos, bien sûr !
Asseyons-nous et parlons avec ferveur.
Discutons jusqu'à l'aube...
... de nouvelles idées et de l'au-delà !
Oh, je m'éveille à présent, j'oublierai tout...
[Nom]

Bravo chasseur, vous êtes venu...
L'aube poindra bientôt... 
Cette nuit s'achèvera, et ce rêve avec elle.
Greyman vous attend au pied du grand arbre.
Bravo chasseur, vous avez réussi.

La nuit touche à sa fin.
À présent je vais faire preuve de pitié.
Vous allez mourir, oublier ce rêve et vous éveiller au petit matin.
Vous serez délivré...
... délivré de ce terrible rêve de chasseur...
Oh, qui y'a t'il ? 
Etait-ce la chasse, le sang ou ce rêve horrible.
Bah ça ne fait rien.
C'est toujours l'assistant des chasseurs qui doit régler ce genre de problème.
Ce soir, Greyman participe à la chasse.
[Nom] [Adjectif]
Nous lancons notre nouveau jeu de combat [Nom] [Adjectif].

Il nous faut une voix énergique pour encourager les joueurs à s'affronter.
[Nom] [Adjectif] est un jeu de combat compétitif. De ce
fait il nous faut un annonceur charismatique pour accompagner les affrontements !
[Nom] !
Combat !
Histoire !
Entrainement !
Options !
Arcade !
Jeu en ligne !
Et le vainqueur est... !
... est le gagnant !
Vous avez gagné !
Perdu.
Vous avez perdu.
Partie terminée.
Game Over.
Prêts... ?
Êtes-vous prêts... ?
Il ne peut en rester qu'un...
La roue du destin est sur le point de tourner...
Première manche...
Partez !
Combattez !
Fight !
Let's rock !
Divide !
Fini !
Temps écoulé !
Perfect !
K . O !
Rêverie

Le Portrait de la Valkyrie

À mes côtés, mes nobles Einherjar !
Venez à moi, guerriers des ténèbres, la bataille nous attend.
Ce sera gravé sur ton âme
Assaut divin !
Nibelung Valesti !
Est-ce terminé ?
Tu n'as aucun espoir de survie.
Retourne d'où tu viens !
Tel est ton destin !
Tu respires encore ?
Tu réalises surement que toute résistance est futile.
Tu ne fais que prolonger tes souffrances.
Cet adversaire ne trépasera pas aussi facilement.
Leurs âmes ont été libéré, nous n'avons aucune raison de rester ici.
Vous m'avez bien servie mes einherjar.

Tu commence à me fatiguer.
Le coup de grâce ...
Final Blast !
À présent meurs en silence.
Déjà mort ?
Rien ne vaut un bon combat !
Ligne Téléphonique [Nom]
L'entreprise [Nom] cherche une voix sympathique pour accompagner ses clients dans leurs démarches.
Bonjour, vous êtes bien chez [Nom].
Veuillez ne pas quitter, nous allons prendre votre appel.
Ne quittez pas, nous allons prendre suite à votre appel.
Nous nous efforcons d'écourter votre attente.
Veuillez conserver l'écoute, nous recherchons votre correspondant.
Chez [Nom], 93% des clients sont satisfaits.
Nous vous souhaitons de bonnes fêtes.
Nos services sont actuellement indisponibles.
Le temps de réponse moyen de cet appel est d'environ 2 minutes
Message d'annonce Ligne [Ligne]
Pour l'ouverture de la nouvelle ligne de métro nous avons besoin d'une nouvelle voix pour assister les passagers.
Direction
[Station]
Prochain train dans...
[X] minutes.
Le suivant dans...
Terminus.
Attention à la marche en descendant du train.
Attention, des pickpocket peuvent être présent à bord.
Pour votre sécurité, ne fixez pas le chien du personnel de sécurité dans les yeux.
Nous vous rappellons que provoquer les contrôleurs en duel sur la voie est interdit.
Attention, cette station est en forte pente

Bonjour, tout le monde.
Je serai votre guide pour le direct d'aujourd'hui.
Et commencons avec un premier jeu, [Game].
Le trailer vous a plus ?
À présent, pour le prochain jeu, Mr [Dev] souhaite vous parler.
Ici, [Dev], producer pour 
Nous souhaitons remercier nos joueurs d'avoir été aussi fidèle.
Vous êtes la meilleure communauté possible !
Cela conclus le direct d'aujourd'hui.
Merci d'avoir été présent et nous vous donnons rendez-vous une prochaine fois.
Réponse à l'univers
Bonjour, je suis en quête de la réponse à l'univers ! Mais j'ai besoin d'aide. J'ai besoin d'entendre la phrase parfaite, une phrase si astronomiquement parfaite qu'elle se doit d'être cosmiquement universel.
PS : Je n'ai pas d'argent.
Si tu ne crois pas en toi, crois en moi qui croit en toi !
Le plus beau voyage c'est celui qu'on a pas encore fait.
J'ai passé toute ma vie à chercher la fleur parfaite, au final elles le sont toutes.
Bolognaise instantanée
Publicité pour la nouvelle recette exclusive de spaghettis bolognaise sous forme de nouilles instantanées !
Une des meilleures choses que j'ai goûté dans ma vie sont les spaghettis de ma Mama !
L'ardente saveur du coulis de tomates fraîches !
La viande de pays d'une qualité unique !
Le subtil goût du basilique !
En temps que grand cuisinier, j'aime relever des défis.
Et si... Je pouvais retranscrire ce goût unique !
Avec des nouilles instantanées !
L'idée est folle mais je l'ai fait !
Avec les nouilles instantanées Bolognaise, les saveurs de la méditéranée sont retrouvées !
En plus, plus besoin d'acheter du parmesan, il est déjà dans la sauce !
Aussi bon, que celui préparé par la mama, à la sueur de son front !
Chipsala [Nom]
Publicité de notre nouvelle gamme de produit Chipsala.
Les Chipsala [Nom].
Faites tout pour rendre le produit irrésistible.
Les nouvelles Chipsala sont sortis.
Nous recherchons un studio de voix off pour donner vie à notre publicité et arracher un sourire aux enfants.
Des chips à la rentrée !?
Et oui ! Chipsala Rentrée !
De déliceuses chips enrobées dans de la [Nom].
Ces fines chips fourrés à la [Nom].
Une once de [Nom] et voilà !
Chipsala [Nom] !
CRACK
Avec Chipsala, vos enfants sont prêt pour la rentrée !
Et n'oubliez pas, avec Chipsala, on en a jamais trop !
Chipsala Rentrée !
Chipso [Nom]
Publicité de notre nouvelle gamme de produit Chipso.
Les Chipso [Nom].
Faites tout pour rendre le produit irrésistible.
Les nouvelles Chipso sont sortis.
Nous recherchons un studio de voix off pour donner vie à notre publicité et arracher un sourire aux enfants.
Des chips au déssert !?
Et oui ! Chipso Déssert !
De déliceuses chips enrobées de [Nom].
Ces fines chips fourrés au [Nom].
Une once de [Nom] et voilà !
Chipso [Nom] !
CRACK
Avec Chipso, vos enfants ne rateront plus aucun déssert !
Et n'oubliez pas avec Chipso, on en a jamais trop !
Chipso Déssert !
Cordons bleus [Nom]
[Onomatop], les cordons bleus de chez [Nom] ...
Du jambon de cochons de pays, tués à la main...
Du fromage de qualité supérieure...
Hmmm ...
Il n'y a rien de meilleur !
[Nom]
[Nom] est une marque de jouet pour enfants.
La publicité vise à vendre un nouveau produit de la licence.
[Nom] est une marque de jouet pour enfants.
La publicité vise à vendre un nouvelle accessoire pour la licence.
Paris est menacé !
La ville est en flamme !
Mais qui voilà !? Les [Nom] !!!
À bord de leur vaisseau toupie !?
Et avec une nouvelle arme !?
Un canon proto-alpha-IV !!!
Le Super-Micro-Blaster !!!
Ils repoussent les menaces anti-gouvernementales.
Les jouets [Nom] ne conviennent pas aux enfants de moins de 14 ans.
Lessive [Nom]
La lessive [Nom] est notre nouveau produit.
Bwah je suis une tâche indélébile !
Personne ne réussira à m'extirper de ce tee-shirt blanc !
Personne ne réussira à m'extirper de cette chemise blanche !
Personne ne réussira à m'extirper de ce magnifique jean blanc !
Je déteste la lessive !
Surtout la lessive de la marque [Nom] !
Qui apporte de l'éclat à vos vêtements.
Qui illumine vos vêtements et votre vie.
Je la déteste !!
Noooon ! Cette personne au grand sourire utilise la lessive [Nom] sur moi !
Je ne peux pas y résister...
La lessive [Nom], pour des vêtements d'un blanc... Eclatant.
Parfum
La nouvelle gamme de Parfum est sorti.
Nous recherchons une voix sensuelle pour sa promotion.
Cette douce odeur...
Ce parfum...
Hmmm...
Ha...
Enivrant...
Splendide...
Parfum [Nom], une fragrance euphorique.
Parfum
La nouvelle gamme de Parfum est sorti.
Nous recherchons une voix sensuelle pour sa promotion.
Cette douce odeur...
Ce parfum...
Hmmm...
Ha...
Enivrant...
Splendide...
Parfum [Nom], une fragrance euphorique.
Santé prévention jeunesse
Dans le cadre du programme de prévention de santé chez les jeunes, nous recherchons un studio pour réaliser le voice-over de notre nouvelle publicité.
Pour bien grandir ...
Mange au moins 5 fruits et légumes par jour.
Ne mange pas trop gras, trop sucré, trop salé.
Pour être en forme ...
Dépense-toi bien !
Evite de grignoter dans la journée.
Nouvelle voiture [Nom]
La publicité de notre nouvelle voiture [Nom], cependant nous souhaitons aborder le propos avec un thème plus touchant.
Rapide...
Audacieuse...
Et dangereuse...
C'est comme ça... comme ça que je l'ai perdu.
C'est comme ça... comme ça qu'elle m'a quitté.
Est-ce que je regrette ?
Bien sûr.
Est-ce que je souhaite retourner en arrière ?
Evidemment.
Mais c'est pour ça que je continuerai de conduire.
Pour elle, et son sourire.
Clim-Climax
L'été risque d'être rude. Mais c'est sans compter sur Clim-Climax !

Si vos acteurs sont prêts à braver les déserts les plus chauds n'hésitez pas à accepter d'enregistrer les voix de notre publicité !
De l'eau... de l'eau...
J'ai... soif...
Je meurs... la chaleur...
Je vais y passer...
Ho ! Un oasis ? Un mirage ?
Non ? C'est bien réel !?
Ce ... Ce vent de fraicheur !
Je ressucite !
Bienvenue dans mon Oasis de plaisir !
Mais la carte n'indiquait pas d'oasis...
C'est ma foi fort simple, c'est grâce à notre Climatisation !
Voyez vous la Clim-Climax nécessite simplement de piles pour fonctionner.
La poignée sur le côté vous permettra de la transporter avec vous.
Et ainsi, vous pourrez braver les déserts les plus chauds.
Je vous en achète 10 !
Clim-Climax, profitez de notre offre de réduction de -20% pour affronter l'été.
Turbo Gazon
Bonjour, je recherche un studio de doublage avec "peu" d'expérience pour s'occuper de ma publicité. La pub se veut cool.
Le jardin est dans un état désastreux.
Les mauvaises herbes ont même attiré des animaux sauvages.
Celles-ci sont tellement hautes que les enfants ont perdu leur ballon...
Si on ne trouve pas une tondeuse digne de ce nom, je crois que l'herbe rentrera par les fenêtres.
Mais c'est sans compter l'aide de la tondeuse TURBO GAZON !
Waouh ! Je n'en reviens PAS !
Avec cette tondeuse révolutionnaire, plus de problèmes de mauvaise herbe !
La poigne et les suspensions intelligente permettent un contrôle très précis
Son moteur thermique surpasse celle d'une moto !
En quelques minutes, c'est terminé !
Quoi !? Elle peut même drifter !?
Turbo gazon, la tondeuse du futur et au-delà !
Sound Design
Nous avons besoin d'un sound designer pour finaliser notre film.
Les délais sont sérrés mais nous sommes prêt à payer généreusement.
Super Voice Acting
Super Voice Acting !
Starship
Série de SF dans un vaisseau.
Capitaine, vaisseau non identifié en approche.
Tentez d'établir une communication.
Monsieur, leur système de visée nous a pris pour cible.
Faites de même mais ne tirez pas, tentons une approche diplomatique.
Monsieur ! c'est trop ta... !
Dommage critique sur le pont N°4.
Evacuez le secteur et levez les boucliers !
Impossible, le système de protection ne répond plus.
Le secteur 3 et 5 ont également été touché.
Notre système de visée à également été endommagé !
Monsieur, vos ordres ?
Moniseur !
...
Evacuez le vaisseau, sauvez vos vie, c'est terminé.
Unlimited [Nom]
Unlimited [Nom] est une série de science et surtout de fiction.

Le personnage principal utilise une arme à feu tirant des balles d'émotions. Sa voix doit refleter la munition utilisé.
J'ai décidé d'utiliser contre toi ces trois fragments d'émotions !
Un rayon de soleil et d'espoir...
... Joie d'ambre.
Les larmes déchirant le ciel...
... Tristesse azurée
La puanteur nauséabonde de l'hypocrisie...
... Dégoût de jade.
Le grondement du coeur...
... Colère écarlate
Un instant de doute ou de bonheur ...
... Surprise dorée.
La passion de la fantaisie...
... Douceur de diamant.
Le conflit du courage...
... Peur d'ébène.
Un poing enserrant la lune ...
... Confiance d'Ivoire
Et pour finir...
Et pour terminer...
Princess Muffin Pilote
C'était le printemps, le jour de la rentrée des classes !
J'étais si heureuse de commencer cette nouvelle année !
Mais en réalité, tout a basculé ce jour là...
À présent, mon quotidien me place face à tous les dangers.
Je dois affronter d'horribles créatures...
Et pourtant, je ne regrette pas ce qu'il m'est arrivé.
J'ai pu rencontrer des gens extraordinaires !
Et ils m'ont appris à sourire.
À pleurer.
À m'énerver.
À être dégoûtée.
Ce sont ces sentiments qui me permettent de me relever.
Et qui guident mon bras pour vaincre le mal !
Tutoriel
Test.
Ecoute les lamentations de mon coeur...
Ces tests commencent à m'énerver !
Tutoriel 2
C'était le printemps, le jour de la rentrée des classes !
J'ai pu rencontrer des gens extraordinaires !
Entreprise Ekavox
Nous réalisons un film à l'attention de nos employés pour notre Entreprise Ekavox.
L'insécurité...
Les carries...
Elles entrainent la peur dans nos coeurs...
Il arrive qu'elles provoquent la mort.
La mort de la dignité
Eh oui, être au travail, ne signifie pas délaisser son hygiène dentaire !
C'est pourquoi chez Ekavox, nous nous engageons à accorder 10 minutes...
...Au brossage de dents de toutes l'entreprise !
Les 30 minutes de repas seront donc consacrées à 30% au brossage de dents !
[Nom]
[Nom] est une marque de jouet pour enfants.
La publicité vise à vendre un nouveau produit de la licence.
[Nom] est une marque de jouet pour enfants.
La publicité vise à vendre un nouvelle accessoire pour la licence.
Paris est menacé !
La ville est en flamme !
Mais qui voilà !? Les [Nom] !!!
À bord de leur vaisseau toupie !?
Et avec une nouvelle arme !?
Un canon proto-alpha-IV !!!
Le Super-Micro-Blaster !!!
Ils repoussent les menaces anti-gouvernementales.
Les jouets [Nom] ne conviennent pas aux enfants de moins de 14 ans.
Ligne téléphonique [Nom]
L'entreprise [Nom] cherche une voix sympathique pour accompagner ses clients dans leurs démarches.
Bonjour, vous êtes bien chez [Nom].
Veuillez ne pas quitter, nous allons prendre votre appel.
Ne quittez pas, nous allons prendre suite à votre appel.
Nous nous efforcons d'écourter votre attente.
Veuillez conserver l'écoute, nous recherchons votre correspondant.
Chez [Nom], 93% des clients sont satisfaits.
Nous vous souhaitons de bonnes fêtes.
Nos services sont actuellement indisponibles.
Le temps de réponse moyen de cet appel est d'environ 2 minutes
Ragab 1
Miss Ragab, cette fois c'est la dernière ligne droite...
C'est trop tard, je ne peux plus faire machine arrière.
La Terre... Elle a besoin de moi !
Ca suffit ! Tu dois être forte !
M'accompagner ? Ne dis pas n'importe quoi !
Le professeur Boulon ? Mais il ne m'avait jamais rien dit...
Ne parle plus de la mort du professeur Boulon.
Le professeur Boulon a dit ça ?!
Tu es donc prête à tout pour le vaincre... Et venger la mort de tout ces innocents...
Très bien alors... Allons-y ! En position !
SUPER RAGAB FORMATION
Ragab - Doremi
Ragab, tu es blessé tu ne feras pas le poids face à Bhaguar !
Ragab, je t'en supplie !
Alors... Dans ce cas, je t'accompagne !
Le Professeur Boulon m'a donné un canon à moi aussi.
Il nous l'a toujours caché, mais avant sa mort il...
Mais c'est lui ! Il m'a fait promettre que je protegerai la Terre avec toi si il le fallait !
Mon véritable rôle Ragab c'est de t'accompagner au combat !
Je peux t'aider à combattre Bhaguar.
Oui, je ne reculerai plus Ragab !
SUPER RAGAB FORMATION
Ragab - Bocca
Argh... j'ai... j'ai perdu ?
Miss Ragab... Pas toi non plus...
Ça... ça ne peut pas finir ainsi !
Bha... Bhaguar... sale monstre !
Je ne mourrai pas comme ça !
Tu vas me le payer ! Bhaguar !
Ragab VII : Wing of Destruction
Ragab VII est le nouveau jeu de la série Ragab après 10 ans d'absence !
Ragab pars à nouveau affronter les forces maléfiques de Bhaguar, cependant il n'est pas seul cette fois-ci. 
Accompagné de Miss. Ragab, embarqué dans un jeu d'action survatiminé en coopération !
Miss Ragab, cette fois c'est la dernière ligne droite...
C'est trop tard, je ne peux plus faire machine arrière.
La Terre... Elle a besoin de moi !
Ca suffit ! Tu dois être forte !
M'accompagner ? Ne dis pas n'importe quoi !
Le professeur Boulon ? Mais il ne m'avait jamais rien dit...
Ne parle plus de la mort du professeur Boulon.
Le professeur Boulon a dit ça ?!
Tu es donc prête à tout pour le vaincre... Et venger la mort de tout ces innocents...
Très bien alors... Allons-y ! En position !
SUPER RAGAB FORMATION










Princess Muffin S1 EP01-05
Hello
Princess Muffin S1 EP01-05
La première saison de Princess Muffin. Charlotte rencontre de nouveaux alliés pour affronter les forces de la religieuse. Cependant cette dernière semble avoir un plan derrière la tête, et décide d'attaquer la ville, pendant que Charlotte est en rendez-vous amoureux avec Mathieu.
C'est donc au tour des nouvelles princess muffin de faire face aux forces des ténèbres.
Bravo les filles ! On a gagné !
Qu'est-ce que... !?
Qu'est-ce que c'est que ce monstre !?
Il possède une quantité d'énergie phénoménale !
Prends ça !
Quoi ? ça n'a eu aucun effet !
On ne peut pas le vaincre ! On va tous y passer !
N'abandonne pas ! Si on ne l'arrête pas, il va attaquer la ville.
C'est notre devoir de la protéger !
Attention Nougat !
[Nom]
[Nom] est un jeu d'action et d'exploration d'un grand château habité par un vampire.

La scène clé est l'échange entre le héros et le maître des lieux avant leur combat fatidique.
Meurs, monstre.
Tu n'appartiens pas à ce monde.
Ce n'est pas par ma main que la chair m'a était rendue.
J'ai été appelé ici par les humains qui souhaitaient me rendre hommage.
Hommage !?!
Vous volez l'âme des humains et en faites vos esclaves !
Peut-être peut-on en dire autant de toute religion...
Vos mots sont aussi vides que votre âme !
L'humanité n'a guère besoin d'un sauveur tel que vous !
Qu'est-ce qu'un homme ?
Un misérable tas de secrets.
Mais assez bavardé...
En garde !
[Nom]
[Nom] is an action-adventure game who takes place in a big castle habited by a vampire.

The scene is between the protagonist and the vampire before their final battle.
Die monster.
You don't belong in this world!
It was not by my hand that i am once again given flesh.
I was called here by humans who wish to pay me tribute.
Tribute!?!
You steals men's souls and make them your slaves!
Perhaps the same could be said of all religions...
Your words are as empty as your soul!
Mankind ill needs a savior such as you!
What is a man?
A miserable little pile of secrets
But enough talk...
Have at you!
Chipsala [Nom]
Publicité de notre nouvelle gamme de produits Chipsala.

Les Chipsala [Nom].

Faites tout pour rendre le produit irrésistible.
Les nouvelles Chipsala sont sortis.

Nous recherchons un studio de voix off pour donner vie à notre publicité et arracher un sourire aux enfants.
Des chips à la rentrée !?
Et oui ! Chipsala Rentrée !
De délicieuses chips enrobées dans de la [Nom].
Ces fines chips fourrées à la [Nom].
Une once de [Nom] et voilà !
Chipsala [Nom] !
CRACK
Avec Chipsala, vos enfants sont prêts pour la rentrée !
Et n'oubliez pas, avec Chipsala, on en a jamais trop !
Chipsala Rentrée !
Contract English
The sole purpose of this contract is to test the gameplay of Super Voice Acting.

The conversation is rather normal. The first character is very enthusiastic, where the second is a little more angry.
Ah ! What a lovely day !
I'm ready to give the best of myself !
Shut up, you're making too much noise !
Oh sorry, i got carried away.
Contrat Tutoriel
Ce contrat a uniquement pour but de tester le système de jeu de Super Voice Acting.

La conversation est plutôt banale. Le premier personnage est très enthousiaste, là où le second est un peu plus en colère.
Ah ! Encore une belle journée qui commence !
J'ai hâte de donner le meilleur de moi-même !
Arrête de jacasser tu fais trop de bruit !
Ah pardon, je me suis un peu emportée.
Ligne [Ligne]
Pour l'ouverture de la nouvelle ligne de métro nous avons besoin d'une nouvelle voix pour assister les passagers.
Direction
[Station]
Prochain train dans...
[X] minutes.
Le suivant dans...
Terminus.
Attention à la marche en descendant du train.
Attention, des pickpockets peuvent être présents à bord.
Parfum
La nouvelle gamme de parfum est sortie.

Nous recherchons une voix sensuelle pour sa promotion.
Cette douce odeur...
Ce parfum...
Hmmm...
Ha...
Enivrant...
Splendide...
Parfum [Nom], une fragrance euphorique.
Princess Muffin S1
La première saison de Princess Muffin. Charlotte rencontre de nouveaux alliés pour affronter les forces de la religieuse. Cependant cette dernière semble avoir un plan derrière la tête, et décide d'attaquer la ville, pendant que Charlotte est en rendez-vous amoureux avec Mathieu.

C'est donc au tour des nouvelles princess muffin de faire face aux forces des ténèbres.
Bravo les filles ! On a gagné !
Qu'est-ce que... !?
Qu'est-ce que c'est que ce monstre !?
Il possède une quantité d'énergie phénoménale !
Prends ça !
Quoi ? ça n'a eu aucun effet !
On ne peut pas le vaincre ! On va tous y passer !
N'abandonne pas ! Si on ne l'arrête pas, il va attaquer la ville.
C'est notre devoir de la protéger !
Santé prévention jeunesse
Dans le cadre du programme de prévention de santé chez les jeunes, nous recherchons un studio pour réaliser le voice-over de notre nouvelle publicité.
Pour bien grandir ...
Mange au moins 5 fruits et légumes par jour.
Ne mange pas trop gras, trop sucré, trop salé.
Pour être en forme...
Dépense-toi bien !
Evite de grignoter dans la journée.
Nouvelle voiture [Nom]
La publicité de notre nouvelle voiture [Nom], cependant nous souhaitons aborder le propos avec un thème plus touchant.
Rapide...
Audacieuse...
Et dangereuse...
C'est comme ça... comme ça que je l'ai perdu.
C'est comme ça... comme ça qu'elle m'a quitté.
Est-ce que je regrette ?
Bien sûr.
Est-ce que je souhaite retourner en arrière ?
Evidemment.
Mais c'est pour ça que je continuerai de conduire.
Pour elle, et son sourire.
Confiance Aveugle
Lorsque Dorémi tombe sous les <color=yellow>50%</color> de HP, toutes ses statistiques augmentent de <color=yellow>5</color>.
Douleur ?

Sang bouillonnant

Absence
Lorsque Ara joue 2 émotion de joie, elle possède 50% de chance d'ignorer l'emprise du rôle.
Perdu
Ara est tête en l'air et a 10% de chance de perdre un tour d'une session.
Douleur
Bocca peut à tout moment ressentir une douleur lui réduisant son endurance de 10%
Sang Bouillonant
Lorsque Bocca passe sous la barre des 25% d'endurance, double la Colère et réduit les dégats subis de 50%
Vicieux
Chaque critique a 50% de chance d'octroyer a Bodler 1 points dans toutes les statistiques.
Confiance Aveugle
Lorsque Dorémi tombe sous les <color=yellow>50%</color> de HP, toutes ses statistiques augmentent de <color=yellow>5</color>.
Bienvaillance
Après une prise contenant <color=yellow>1 de Douceur</color>, Déa à  <color=yellow>20%</color> de chance de <color=yellow>soigner de 5%</color> toute l'équipe.
Pleine Forme
Si Jean-Christophe commence le combat avec plus de 80% de HP, toutes ses statistiques augmente de 5 points pendant 5 tours/
Crédule
Après chaque attaque, Jeau a  <color=yellow>5%</color> de chance de gagner  <color=yellow>5</color> en Surprise pendant  <color=yellow>5</color> Tours.
Odorac

Terreur Vivifiante
Après une prise critique contenant <color=yellow>1</color> de Peur, Moine-Maeda récupère <color=yellow>5%</color> d'endurance.
Tsundere
Après une attaque contenant 1 de Colère, Trish a 50% de chance de gagner 1 point de Douceur.
